{
  "RN ten Doeschate": 4,
  "J Yadav": 4.142857142857142,
  "V Kohli": 5.454545454545454,
  "R Ashwin": 5.846153846153846,
  "S Nadeem": 6.142857142857142,
  "Parvez Rasool": 6.200000000000001,
  "MC Henriques": 6.319999999999999,
  "Z Khan": 6.455172413793103,
  "MA Starc": 6.720930232558139,
  "GB Hogg": 6.857142857142857
}